Workbook
Name tblaccounts: ravenstack_accounts[]
Name tblchurnevents: ravenstack_churn_events[]
Name tblfeatureusage: ravenstack_feature_usage[]
Name tblsubscriptions: ravenstack_subscriptions[]
Name tblsupporttickets: ravenstack_support_tickets[]
Name tblubscriptions: ravenstack_subscriptions[]

Sheet Accounts
A1: account_id | B1: account_name | C1: industry | D1: country | E1: signup_date | F1: referral_source | G1: plan_tier | H1: seats | I1: is_trial | J1: churn_flag
A2: A-2e4581 | B2: Company_0 | C2: EdTech | D2: US | E2: 45581 | F2: partner | G2: Basic | H2: 9 | I2: FALSE | J2: FALSE
A3: A-0a282f | B3: Company_2 | C3: DevTools | D3: US | E3: 45531 | F3: organic | G3: Basic | H3: 1 | I3: FALSE | J3: FALSE
A4: A-1f0ac7 | B4: Company_3 | C4: HealthTech | D4: UK | E4: 45165 | F4: other | G4: Basic | H4: 24 | I4: TRUE | J4: FALSE
A5: A-1b9609 | B5: Company_5 | C5: EdTech | D5: IN | E5: 45211 | F5: ads | G5: Enterprise | H5: 4 | I5: FALSE | J5: FALSE
A6: A-a0ca4e | B6: Company_6 | C6: Cybersecurity | D6: US | E6: 45359 | F6: ads | G6: Pro | H6: 11 | I6: FALSE | J6: FALSE
A7: A-e5d6ab | B7: Company_7 | C7: EdTech | D7: US | E7: 45031 | F7: partner | G7: Pro | H7: 3 | I7: FALSE | J7: FALSE
A8: A-d40bf7 | B8: Company_11 | C8: FinTech | D8: IN | E8: 45604 | F8: organic | G8: Basic | H8: 59 | I8: FALSE | J8: FALSE
A9: A-6c093d | B9: Company_12 | C9: DevTools | D9: US | E9: 45030 | F9: partner | G9: Basic | H9: 7 | I9: TRUE | J9: FALSE
A10: A-462d45 | B10: Company_13 | C10: Cybersecurity | D10: US | E10: 45306 | F10: partner | G10: Enterprise | H10: 11 | I10: TRUE | J10: FALSE
A11: A-956988 | B11: Company_14 | C11: EdTech | D11: UK | E11: 45626 | F11: ads | G11: Enterprise | H11: 1 | I11: FALSE | J11: FALSE
A12: A-ac14bb | B12: Company_15 | C12: FinTech | D12: US | E12: 45177 | F12: partner | G12: Enterprise | H12: 21 | I12: FALSE | J12: FALSE
A13: A-463db0 | B13: Company_16 | C13: HealthTech | D13: US | E13: 45631 | F13: partner | G13: Basic | H13: 15 | I13: FALSE | J13: FALSE
... A501: A-d26ab4 | B501: Company_497 | C501: DevTools | D501: UK | E501: 45603 | F501: organic | G501: Basic | H501: 9 | I501: FALSE | J501: TRUE

Sheet Subscriptions
A1: subscription_id | B1: account_id | C1: start_date | D1: end_date | E1: plan_tier | F1: seats | G1: mrr_amount | H1: arr_amount | I1: is_trial | J1: upgrade_flag | K1: downgrade_flag | L1: churn_flag | M1: billing_frequency | N1: auto_renew_flag
A2: S-8cec59 | B2: A-3c1a3f | C2: 45283 | D2: 45394 | E2: Enterprise | F2: 14 | G2: 2786 | H2: 33432 | I2: FALSE | J2: FALSE | K2: FALSE | L2: TRUE | M2: monthly | N2: TRUE
A3: S-0f6f44 | B3: A-9b9fe9 | C3: 45454 | E3: Pro | F3: 17 | G3: 833 | H3: 9996 | I3: FALSE | J3: FALSE | K3: FALSE | L3: FALSE | M3: monthly | N3: TRUE
A4: S-51c0d1 | B4: A-659280 | C4: 45621 | E4: Enterprise | F4: 62 | G4: 0 | H4: 0 | I4: TRUE | J4: TRUE | K4: FALSE | L4: FALSE | M4: annual | N4: FALSE
A5: S-f81687 | B5: A-e7a1e2 | C5: 45619 | D5: 45639 | E5: Enterprise | F5: 5 | G5: 995 | H5: 11940 | I5: FALSE | J5: FALSE | K5: FALSE | L5: TRUE | M5: monthly | N5: TRUE
A6: S-cff5a2 | B6: A-ba6516 | C6: 45301 | E6: Enterprise | F6: 27 | G6: 5373 | H6: 64476 | I6: FALSE | J6: FALSE | K6: FALSE | L6: FALSE | M6: monthly | N6: TRUE
A7: S-4b9b13 | B7: A-fa2041 | C7: 45517 | E7: Pro | F7: 15 | G7: 735 | H7: 8820 | I7: FALSE | J7: FALSE | K7: FALSE | L7: FALSE | M7: monthly | N7: TRUE
A8: S-dceac6 | B8: A-417d2f | C8: 45290 | E8: Enterprise | F8: 4 | G8: 796 | H8: 9552 | I8: FALSE | J8: FALSE | K8: FALSE | L8: FALSE | M8: annual | N8: TRUE
A9: S-8cad7b | B9: A-5f2961 | C9: 45649 | E9: Basic | F9: 16 | G9: 304 | H9: 3648 | I9: FALSE | J9: FALSE | K9: FALSE | L9: FALSE | M9: annual | N9: TRUE
A10: S-24796e | B10: A-cc8c8f | C10: 45623 | E10: Enterprise | F10: 23 | G10: 4577 | H10: 54924 | I10: FALSE | J10: FALSE | K10: FALSE | L10: FALSE | M10: annual | N10: FALSE
A11: S-d0c344 | B11: A-80eeb6 | C11: 45592 | E11: Pro | F11: 22 | G11: 1078 | H11: 12936 | I11: FALSE | J11: FALSE | K11: FALSE | L11: FALSE | M11: annual | N11: FALSE
A12: S-477506 | B12: A-f03140 | C12: 45328 | E12: Pro | F12: 27 | G12: 1323 | H12: 15876 | I12: FALSE | J12: FALSE | K12: FALSE | L12: FALSE | M12: annual | N12: TRUE
A13: S-79a9e1 | B13: A-3a5ad8 | C13: 45651 | E13: Enterprise | F13: 22 | G13: 0 | H13: 0 | I13: TRUE | J13: FALSE | K13: FALSE | L13: FALSE | M13: annual | N13: TRUE
A14: S-59dc4b | B14: A-f17767 | C14: 45186 | E14: Pro | F14: 26 | G14: 1274 | H14: 15288 | I14: FALSE | J14: TRUE | K14: TRUE | L14: FALSE | M14: monthly | N14: TRUE
A15: S-7acd8b | B15: A-7920cc | C15: 45490 | E15: Basic | F15: 39 | G15: 741 | H15: 8892 | I15: FALSE | J15: FALSE | K15: FALSE | L15: FALSE | M15: annual | N15: TRUE
A16: S-428e9a | B16: A-8ae3fc | C16: 45577 | E16: Enterprise | F16: 88 | G16: 0 | H16: 0 | I16: TRUE | J16: FALSE | K16: FALSE | L16: FALSE | M16: monthly | N16: TRUE
A17: S-486088 | B17: A-0cc442 | C17: 45553 | E17: Pro | F17: 45 | G17: 2205 | H17: 26460 | I17: FALSE | J17: FALSE | K17: FALSE | L17: FALSE | M17: monthly | N17: TRUE
A18: S-13939b | B18: A-86902e | C18: 45128 | D18: 45507 | E18: Pro | F18: 34 | G18: 0 | H18: 0 | I18: TRUE | J18: FALSE | K18: FALSE | L18: TRUE | M18: monthly | N18: TRUE
A19: S-9333c5 | B19: A-ef84cf | C19: 45449 | D19: 45517 | E19: Basic | F19: 8 | G19: 152 | H19: 1824 | I19: FALSE | J19: FALSE | K19: FALSE | L19: TRUE | M19: annual | N19: FALSE
A20: S-37e3ad | B20: A-b30291 | C20: 45407 | E20: Basic | F20: 5 | G20: 95 | H20: 1140 | I20: FALSE | J20: FALSE | K20: FALSE | L20: FALSE | M20: monthly | N20: TRUE
A21: S-b17d04 | B21: A-e19ff6 | C21: 45357 | E21: Pro | F21: 8 | G21: 392 | H21: 4704 | I21: FALSE | J21: FALSE | K21: FALSE | L21: FALSE | M21: monthly | N21: TRUE
A22: S-c27134 | B22: A-dec005 | C22: 45382 | E22: Pro | F22: 21 | G22: 0 | H22: 0 | I22: TRUE | J22: FALSE | K22: FALSE | L22: FALSE | M22: monthly | N22: TRUE
A23: S-3bd427 | B23: A-2e3bad | C23: 45630 | D23: 45653 | E23: Basic | F23: 61 | G23: 1159 | H23: 13908 | I23: FALSE | J23: FALSE | K23: FALSE | L23: TRUE | M23: monthly | N23: TRUE
A24: S-82989b | B24: A-f5641b | C24: 45626 | E24: Basic | F24: 31 | G24: 589 | H24: 7068 | I24: FALSE | J24: FALSE | K24: FALSE | L24: FALSE | M24: monthly | N24: TRUE
A25: S-082b15 | B25: A-aa9511 | C25: 45331 | E25: Enterprise | F25: 97 | G25: 19303 | H25: 231636 | I25: FALSE | J25: FALSE | K25: FALSE | L25: FALSE | M25: annual | N25: TRUE
A26: S-434140 | B26: A-075038 | C26: 45347 | E26: Pro | F26: 17 | G26: 833 | H26: 9996 | I26: FALSE | J26: FALSE | K26: FALSE | L26: FALSE | M26: annual | N26: TRUE
A27: S-c07ede | B27: A-cea1f0 | C27: 45572 | E27: Pro | F27: 8 | G27: 392 | H27: 4704 | I27: FALSE | J27: FALSE | K27: FALSE | L27: FALSE | M27: annual | N27: FALSE
A28: S-287914 | B28: A-a1b80b | C28: 45519 | E28: Pro | F28: 16 | G28: 784 | H28: 9408 | I28: FALSE | J28: FALSE | K28: FALSE | L28: FALSE | M28: annual | N28: TRUE
A29: S-b3bd43 | B29: A-b2225d | C29: 45599 | E29: Pro | F29: 50 | G29: 2450 | H29: 29400 | I29: FALSE | J29: FALSE | K29: FALSE | L29: FALSE | M29: monthly | N29: FALSE
A30: S-4c82da | B30: A-b9eed8 | C30: 45505 | E30: Pro | F30: 11 | G30: 539 | H30: 6468 | I30: FALSE | J30: FALSE | K30: FALSE | L30: FALSE | M30: monthly | N30: FALSE
A31: S-c75159 | B31: A-bcf87c | C31: 45526 | D31: 45563 | E31: Enterprise | F31: 31 | G31: 6169 | H31: 74028 | I31: FALSE | J31: FALSE | K31: FALSE | L31: TRUE | M31: monthly | N31: TRUE
A32: S-b5643b | B32: A-9f9299 | C32: 45454 | E32: Enterprise | F32: 28 | G32: 5572 | H32: 66864 | I32: FALSE | J32: FALSE | K32: FALSE | L32: FALSE | M32: annual | N32: FALSE
A33: S-49a9aa | B33: A-10b8f2 | C33: 45093 | E33: Basic | F33: 51 | G33: 969 | H33: 11628 | I33: FALSE | J33: FALSE | K33: FALSE | L33: FALSE | M33: annual | N33: TRUE
A34: S-2877e6 | B34: A-95b24a | C34: 45471 | E34: Enterprise | F34: 38 | G34: 0 | H34: 0 | I34: TRUE | J34: TRUE | K34: TRUE | L34: FALSE | M34: monthly | N34: TRUE
A35: S-8c10c1 | B35: A-0651a4 | C35: 45651 | E35: Enterprise | F35: 65 | G35: 12935 | H35: 155220 | I35: FALSE | J35: FALSE | K35: FALSE | L35: FALSE | M35: annual | N35: TRUE
A36: S-d7d398 | B36: A-fb186e | C36: 45654 | E36: Enterprise | F36: 29 | G36: 0 | H36: 0 | I36: TRUE | J36: FALSE | K36: FALSE | L36: FALSE | M36: annual | N36: TRUE
A37: S-ddad91 | B37: A-40906c | C37: 45464 | E37: Enterprise | F37: 92 | G37: 0 | H37: 0 | I37: TRUE | J37: FALSE | K37: FALSE | L37: FALSE | M37: annual | N37: FALSE
A38: S-6762fa | B38: A-40a557 | C38: 45334 | E38: Enterprise | F38: 16 | G38: 3184 | H38: 38208 | I38: FALSE | J38: FALSE | K38: FALSE | L38: FALSE | M38: annual | N38: TRUE
A39: S-bb1cf1 | B39: A-3a5ad8 | C39: 45542 | E39: Enterprise | F39: 9 | G39: 0 | H39: 0 | I39: TRUE | J39: TRUE | K39: FALSE | L39: FALSE | M39: monthly | N39: FALSE
A40: S-a805a5 | B40: A-2789e3 | C40: 45553 | E40: Basic | F40: 33 | G40: 627 | H40: 7524 | I40: FALSE | J40: FALSE | K40: FALSE | L40: FALSE | M40: monthly | N40: TRUE
A41: S-da0a69 | B41: A-49b828 | C41: 45057 | E41: Pro | F41: 6 | G41: 294 | H41: 3528 | I41: FALSE | J41: FALSE | K41: FALSE | L41: FALSE | M41: monthly | N41: TRUE
A42: S-59c5d7 | B42: A-c16b88 | C42: 45584 | E42: Basic | F42: 35 | G42: 665 | H42: 7980 | I42: FALSE | J42: TRUE | K42: FALSE | L42: FALSE | M42: monthly | N42: TRUE
A43: S-d3faae | B43: A-5c9849 | C43: 45608 | E43: Basic | F43: 19 | G43: 361 | H43: 4332 | I43: FALSE | J43: FALSE | K43: FALSE | L43: FALSE | M43: monthly | N43: TRUE
... A53: S-36f6ec | B53: A-ccb686 | C53: 45520 | E53: Pro | F53: 21 | G53: 1029 | H53: 12348 | I53: FALSE | J53: TRUE | K53: FALSE | L53: FALSE | M53: monthly | N53: TRUE
A54: S-aff55c | B54: A-bb2f49 | C54: 45305 | D54: 45655 | E54: Pro | F54: 8 | G54: 0 | H54: 0 | I54: TRUE | J54: FALSE | K54: FALSE | L54: TRUE | M54: monthly | N54: TRUE
A55: S-b9fc6c | B55: A-2ebb4b | C55: 45093 | E55: Basic | F55: 41 | G55: 779 | H55: 9348 | I55: FALSE | J55: FALSE | K55: FALSE | L55: FALSE | M55: annual | N55: TRUE
A56: S-7f8cd8 | B56: A-53f4e3 | C56: 45553 | D56: 45613 | E56: Enterprise | F56: 20 | G56: 3980 | H56: 47760 | I56: FALSE | J56: FALSE | K56: FALSE | L56: TRUE | M56: monthly | N56: TRUE
A57: S-e912e6 | B57: A-a8d89d | C57: 45272 | E57: Enterprise | F57: 78 | G57: 15522 | H57: 186264 | I57: FALSE | J57: FALSE | K57: FALSE | L57: FALSE | M57: monthly | N57: TRUE
A58: S-fef85a | B58: A-7f8241 | C58: 45510 | E58: Pro | F58: 34 | G58: 1666 | H58: 19992 | I58: FALSE | J58: FALSE | K58: FALSE | L58: FALSE | M58: annual | N58: TRUE
A59: S-36d5c9 | B59: A-54ecc2 | C59: 45185 | E59: Enterprise | F59: 11 | G59: 2189 | H59: 26268 | I59: FALSE | J59: FALSE | K59: FALSE | L59: FALSE | M59: monthly | N59: TRUE
A60: S-b9ff15 | B60: A-95b24a | C60: 45299 | E60: Enterprise | F60: 43 | G60: 8557 | H60: 102684 | I60: FALSE | J60: FALSE | K60: FALSE | L60: FALSE | M60: annual | N60: FALSE
A61: S-10bd09 | B61: A-bbc346 | C61: 45538 | E61: Basic | F61: 50 | G61: 950 | H61: 11400 | I61: FALSE | J61: FALSE | K61: FALSE | L61: FALSE | M61: annual | N61: TRUE
A62: S-12bfc8 | B62: A-31ab9a | C62: 45632 | E62: Enterprise | F62: 29 | G62: 5771 | H62: 69252 | I62: FALSE | J62: FALSE | K62: FALSE | L62: FALSE | M62: monthly | N62: FALSE
A63: S-f5c472 | B63: A-faa28c | C63: 45482 | E63: Basic | F63: 48 | G63: 912 | H63: 10944 | I63: FALSE | J63: FALSE | K63: FALSE | L63: FALSE | M63: monthly | N63: TRUE
A64: S-dbc1ca | B64: A-8adedc | C64: 45406 | E64: Enterprise | F64: 14 | G64: 2786 | H64: 33432 | I64: FALSE | J64: FALSE | K64: FALSE | L64: FALSE | M64: annual | N64: TRUE
A65: S-dc6dfd | B65: A-e08cd3 | C65: 45565 | E65: Pro | F65: 67 | G65: 3283 | H65: 39396 | I65: FALSE | J65: FALSE | K65: FALSE | L65: FALSE | M65: monthly | N65: TRUE
A66: S-b2d472 | B66: A-bcf87c | C66: 45531 | D66: 45637 | E66: Enterprise | F66: 10 | G66: 1990 | H66: 23880 | I66: FALSE | J66: FALSE | K66: FALSE | L66: TRUE | M66: annual | N66: FALSE
A67: S-9dfce0 | B67: A-e6afc1 | C67: 45534 | E67: Pro | F67: 2 | G67: 98 | H67: 1176 | I67: FALSE | J67: FALSE | K67: FALSE | L67: FALSE | M67: annual | N67: TRUE
A68: S-9cb6a7 | B68: A-7f29a7 | C68: 45647 | E68: Basic | F68: 41 | G68: 779 | H68: 9348 | I68: FALSE | J68: FALSE | K68: FALSE | L68: FALSE | M68: monthly | N68: TRUE
A69: S-dabcd2 | B69: A-3ce5b8 | C69: 45557 | E69: Pro | F69: 28 | G69: 0 | H69: 0 | I69: TRUE | J69: FALSE | K69: FALSE | L69: FALSE | M69: monthly | N69: TRUE
A70: S-8c3cc8 | B70: A-b2225d | C70: 45582 | E70: Basic | F70: 47 | G70: 0 | H70: 0 | I70: TRUE | J70: FALSE | K70: FALSE | L70: FALSE | M70: monthly | N70: TRUE
A71: S-2923fc | B71: A-fa3095 | C71: 45481 | E71: Enterprise | F71: 70 | G71: 13930 | H71: 167160 | I71: FALSE | J71: FALSE | K71: FALSE | L71: FALSE | M71: annual | N71: TRUE
A72: S-f0a2e5 | B72: A-55f257 | C72: 45448 | E72: Basic | F72: 23 | G72: 0 | H72: 0 | I72: TRUE | J72: FALSE | K72: FALSE | L72: FALSE | M72: annual | N72: TRUE
A73: S-025bea | B73: A-9affe6 | C73: 45468 | E73: Pro | F73: 17 | G73: 833 | H73: 9996 | I73: FALSE | J73: TRUE | K73: FALSE | L73: FALSE | M73: monthly | N73: TRUE
A74: S-0e499f | B74: A-296d7c | C74: 45521 | E74: Pro | F74: 16 | G74: 784 | H74: 9408 | I74: FALSE | J74: FALSE | K74: FALSE | L74: FALSE | M74: annual | N74: FALSE
A75: S-0267b7 | B75: A-65a46c | C75: 45582 | D75: 45630 | E75: Enterprise | F75: 13 | G75: 0 | H75: 0 | I75: TRUE | J75: FALSE | K75: FALSE | L75: TRUE | M75: monthly | N75: TRUE
A76: S-b5b9a5 | B76: A-812c5b | C76: 45498 | E76: Basic | F76: 55 | G76: 1045 | H76: 12540 | I76: FALSE | J76: FALSE | K76: FALSE | L76: FALSE | M76: monthly | N76: TRUE
A77: S-8e45ba | B77: A-7f8241 | C77: 45273 | E77: Basic | F77: 34 | G77: 646 | H77: 7752 | I77: FALSE | J77: FALSE | K77: FALSE | L77: FALSE | M77: annual | N77: FALSE
A78: S-37ed34 | B78: A-d4ac0e | C78: 45480 | E78: Enterprise | F78: 20 | G78: 3980 | H78: 47760 | I78: FALSE | J78: FALSE | K78: FALSE | L78: FALSE | M78: annual | N78: TRUE
A79: S-65dbf3 | B79: A-17939a | C79: 45654 | E79: Basic | F79: 36 | G79: 684 | H79: 8208 | I79: FALSE | J79: FALSE | K79: FALSE | L79: FALSE | M79: monthly | N79: TRUE
A80: S-ce5450 | B80: A-0a282f | C80: 45651 | D80: 45654 | E80: Pro | F80: 8 | G80: 0 | H80: 0 | I80: TRUE | J80: FALSE | K80: FALSE | L80: TRUE | M80: annual | N80: TRUE
A81: S-6c969d | B81: A-855a48 | C81: 45420 | E81: Basic | F81: 14 | G81: 266 | H81: 3192 | I81: FALSE | J81: FALSE | K81: FALSE | L81: FALSE | M81: monthly | N81: FALSE
A82: S-522aef | B82: A-f3ff05 | C82: 45526 | E82: Pro | F82: 4 | G82: 196 | H82: 2352 | I82: FALSE | J82: FALSE | K82: FALSE | L82: FALSE | M82: annual | N82: TRUE
A83: S-82db05 | B83: A-417d2f | C83: 45635 | E83: Pro | F83: 26 | G83: 1274 | H83: 15288 | I83: FALSE | J83: FALSE | K83: FALSE | L83: FALSE | M83: monthly | N83: TRUE
A84: S-162596 | B84: A-462d45 | C84: 45351 | E84: Pro | F84: 18 | G84: 0 | H84: 0 | I84: TRUE | J84: FALSE | K84: FALSE | L84: FALSE | M84: monthly | N84: TRUE
A85: S-f703bd | B85: A-202b67 | C85: 45539 | E85: Pro | F85: 11 | G85: 539 | H85: 6468 | I85: FALSE | J85: FALSE | K85: FALSE | L85: FALSE | M85: monthly | N85: TRUE
A86: S-a1d6ad | B86: A-eafc6e | C86: 45536 | E86: Pro | F86: 27 | G86: 1323 | H86: 15876 | I86: FALSE | J86: FALSE | K86: FALSE | L86: FALSE | M86: monthly | N86: TRUE
A87: S-8b1fc1 | B87: A-309e54 | C87: 45652 | E87: Basic | F87: 15 | G87: 0 | H87: 0 | I87: TRUE | J87: FALSE | K87: FALSE | L87: FALSE | M87: monthly | N87: TRUE
A88: S-09cdac | B88: A-82861f | C88: 45504 | D88: 45539 | E88: Basic | F88: 41 | G88: 779 | H88: 9348 | I88: FALSE | J88: FALSE | K88: FALSE | L88: TRUE | M88: annual | N88: TRUE
A89: S-fa5301 | B89: A-ba6516 | C89: 45365 | E89: Pro | F89: 55 | G89: 0 | H89: 0 | I89: TRUE | J89: FALSE | K89: FALSE | L89: FALSE | M89: monthly | N89: FALSE
A90: S-69937b | B90: A-08e34e | C90: 45512 | E90: Pro | F90: 14 | G90: 686 | H90: 8232 | I90: FALSE | J90: FALSE | K90: FALSE | L90: FALSE | M90: annual | N90: FALSE
A91: S-f2537d | B91: A-e43bf7 | C91: 45315 | E91: Pro | F91: 44 | G91: 2156 | H91: 25872 | I91: FALSE | J91: FALSE | K91: FALSE | L91: FALSE | M91: monthly | N91: TRUE
A92: S-27f7b2 | B92: A-a1b80b | C92: 45385 | E92: Basic | F92: 38 | G92: 722 | H92: 8664 | I92: FALSE | J92: FALSE | K92: FALSE | L92: FALSE | M92: annual | N92: TRUE
A93: S-9c2b8e | B93: A-443f6f | C93: 45652 | E93: Basic | F93: 19 | G93: 361 | H93: 4332 | I93: FALSE | J93: TRUE | K93: FALSE | L93: FALSE | M93: annual | N93: TRUE
A94: S-a4f26d | B94: A-32728c | C94: 45067 | E94: Pro | F94: 20 | G94: 980 | H94: 11760 | I94: FALSE | J94: FALSE | K94: FALSE | L94: FALSE | M94: monthly | N94: TRUE
A95: S-0cb6ed | B95: A-ac85cd | C95: 45605 | D95: 45644 | E95: Pro | F95: 53 | G95: 2597 | H95: 31164 | I95: FALSE | J95: FALSE | K95: FALSE | L95: TRUE | M95: annual | N95: TRUE
A96: S-367dee | B96: A-e19ff6 | C96: 45472 | E96: Pro | F96: 1 | G96: 49 | H96: 588 | I96: FALSE | J96: FALSE | K96: FALSE | L96: FALSE | M96: annual | N96: TRUE
A97: S-3b9ad8 | B97: A-6e08f3 | C97: 45650 | E97: Enterprise | F97: 28 | G97: 5572 | H97: 66864 | I97: FALSE | J97: FALSE | K97: FALSE | L97: FALSE | M97: monthly | N97: FALSE
A98: S-c9f8c1 | B98: A-544d0a | C98: 45496 | E98: Enterprise | F98: 5 | G98: 995 | H98: 11940 | I98: FALSE | J98: FALSE | K98: TRUE | L98: FALSE | M98: monthly | N98: TRUE
A99: S-57cd05 | B99: A-8b0451 | C99: 45591 | E99: Basic | F99: 41 | G99: 779 | H99: 9348 | I99: FALSE | J99: FALSE | K99: FALSE | L99: FALSE | M99: annual | N99: TRUE
A100: S-e505c1 | B100: A-8ae3fc | C100: 45552 | E100: Pro | F100: 34 | G100: 1666 | H100: 19992 | I100: FALSE | J100: FALSE | K100: FALSE | L100: FALSE | M100: annual | N100: TRUE
A101: S-121b4d | B101: A-8ae3fc | C101: 45618 | E101: Basic | F101: 9 | G101: 171 | H101: 2052 | I101: FALSE | J101: FALSE | K101: FALSE | L101: FALSE | M101: annual | N101: TRUE
A102: S-72b4f2 | B102: A-4437e4 | C102: 45328 | E102: Pro | F102: 49 | G102: 2401 | H102: 28812 | I102: FALSE | J102: FALSE | K102: FALSE | L102: FALSE | M102: annual | N102: TRUE
A103: S-c9b0cc | B103: A-4d1e75 | C103: 45576 | E103: Enterprise | F103: 38 | G103: 7562 | H103: 90744 | I103: FALSE | J103: FALSE | K103: FALSE | L103: FALSE | M103: monthly | N103: TRUE
A104: S-27c993 | B104: A-098560 | C104: 45613 | E104: Enterprise | F104: 4 | G104: 796 | H104: 9552 | I104: FALSE | J104: FALSE | K104: FALSE | L104: FALSE | M104: monthly | N104: TRUE
A105: S-8b9889 | B105: A-ac9111 | C105: 45522 | E105: Pro | F105: 21 | G105: 1029 | H105: 12348 | I105: FALSE | J105: FALSE | K105: FALSE | L105: FALSE | M105: monthly | N105: TRUE
A106: S-2214c6 | B106: A-3c1a3f | C106: 45572 | E106: Pro | F106: 82 | G106: 4018 | H106: 48216 | I106: FALSE | J106: FALSE | K106: FALSE | L106: FALSE | M106: monthly | N106: TRUE
A107: S-ce695e | B107: A-cb6cc6 | C107: 45437 | E107: Enterprise | F107: 13 | G107: 0 | H107: 0 | I107: TRUE | J107: FALSE | K107: FALSE | L107: FALSE | M107: annual | N107: FALSE
... A121: S-feccd8 | B121: A-812c5b | C121: 45648 | E121: Enterprise | F121: 55 | G121: 10945 | H121: 131340 | I121: FALSE | J121: FALSE | K121: FALSE | L121: FALSE | M121: monthly | N121: TRUE
A122: S-0e4b0c | B122: A-39b19f | C122: 44985 | D122: 45092 | E122: Pro | F122: 24 | G122: 1176 | H122: 14112 | I122: FALSE | J122: FALSE | K122: TRUE | L122: TRUE | M122: annual | N122: TRUE
...

Sheet Feature Usage
A1: usage_id | B1: subscription_id | C1: usage_date | D1: feature_name | E1: usage_count | F1: usage_duration_secs | G1: error_count | H1: is_beta_feature
A2: U-1c6c24 | B2: S-0fcf7d | C2: 45134 | D2: feature_20 | E2: 9 | F2: 5004 | G2: 0 | H2: FALSE
A3: U-f07cb8 | B3: S-c25263 | C3: 45145 | D3: feature_5 | E3: 9 | F3: 369 | G3: 0 | H3: FALSE
A4: U-096807 | B4: S-f29e7f | C4: 45267 | D4: feature_3 | E4: 9 | F4: 1458 | G4: 0 | H4: FALSE
A5: U-6b1580 | B5: S-be655e | C5: 45501 | D5: feature_40 | E5: 5 | F5: 2085 | G5: 0 | H5: FALSE
A6: U-720a29 | B6: S-f9b1d0 | C6: 45628 | D6: feature_12 | E6: 12 | F6: 900 | G6: 0 | H6: FALSE
A7: U-c5692d | B7: S-e958ba | C7: 45230 | D7: feature_14 | E7: 11 | F7: 4103 | G7: 0 | H7: FALSE
A8: U-7078db | B8: S-0c9fdd | C8: 45189 | D8: feature_34 | E8: 8 | F8: 2016 | G8: 2 | H8: FALSE
A9: U-a60033 | B9: S-4e4ab7 | C9: 45082 | D9: feature_27 | E9: 10 | F9: 5470 | G9: 0 | H9: FALSE
A10: U-5cd930 | B10: S-a3a1c1 | C10: 45342 | D10: feature_18 | E10: 9 | F10: 5067 | G10: 1 | H10: FALSE
A11: U-ebb375 | B11: S-9e450b | C11: 44966 | D11: feature_28 | E11: 6 | F11: 2778 | G11: 0 | H11: FALSE
A12: U-a7c89a | B12: S-3673f2 | C12: 45529 | D12: feature_36 | E12: 9 | F12: 2061 | G12: 0 | H12: FALSE
A13: U-779058 | B13: S-afed2d | C13: 45233 | D13: feature_35 | E13: 10 | F13: 5200 | G13: 0 | H13: TRUE
... A25001: U-6c82cc | B25001: S-31428b | C25001: 45616 | D25001: feature_28 | E25001: 10 | F25001: 4790 | G25001: 1 | H25001: FALSE

Sheet Support Tickets
A1: ticket_id | B1: account_id | C1: submitted_at | D1: closed_at | E1: resolution_time_hours | F1: priority | G1: first_response_time_minutes | H1: satisfaction_score | I1: escalation_flag
A2: T-0024de | B2: A-712f1c | C2: 45134 | D2: 45135.125 | E2: 27 | F2: high | G2: 74 | I2: FALSE
A3: T-4d04b9 | B3: A-e43bf7 | C3: 45481 | D3: 45482.125 | E3: 27 | F3: urgent | G3: 144 | I3: FALSE
A4: T-d5e12f | B4: A-0f3e88 | C4: 45582 | D4: 45582.792 | E4: 19 | F4: urgent | G4: 93 | H4: 4 | I4: FALSE
A5: T-dfce9a | B5: A-4c56c9 | C5: 45543 | D5: 45544.958 | E5: 47 | F5: medium | G5: 126 | H5: 5 | I5: FALSE
A6: T-c59f77 | B6: A-6f8ad2 | C6: 45626 | D6: 45627.083 | E6: 26 | F6: medium | G6: 8 | I6: FALSE
A7: T-90f06d | B7: A-94c3cd | C7: 45134 | D7: 45134.375 | E7: 9 | F7: medium | G7: 60 | I7: FALSE
A8: T-30b537 | B8: A-2e4581 | C8: 45178 | D8: 45179.125 | E8: 27 | F8: urgent | G8: 64 | H8: 3 | I8: FALSE
A9: T-60242d | B9: A-72799b | C9: 45320 | D9: 45320.5 | E9: 12 | F9: low | G9: 56 | H9: 4 | I9: TRUE
A10: T-7119c9 | B10: A-b179bf | C10: 45165 | D10: 45165.667 | E10: 16 | F10: urgent | G10: 154 | I10: FALSE
A11: T-b0edf2 | B11: A-7cfe77 | C11: 45418 | D11: 45419.167 | E11: 28 | F11: medium | G11: 150 | H11: 3 | I11: FALSE
A12: T-98a84a | B12: A-157070 | C12: 45280 | D12: 45281.75 | E12: 42 | F12: low | G12: 26 | I12: FALSE
A13: T-04457d | B13: A-854864 | C13: 45491 | D13: 45493 | E13: 48 | F13: medium | G13: 140 | H13: 5 | I13: FALSE
A14: T-6bd715 | B14: A-4e0e85 | C14: 45426 | D14: 45428.083 | E14: 50 | F14: medium | G14: 129 | I14: FALSE
A15: T-13f1b8 | B15: A-5b4ebb | C15: 45265 | D15: 45266.083 | E15: 26 | F15: low | G15: 121 | H15: 5 | I15: FALSE
A16: T-a3288b | B16: A-098560 | C16: 45654 | D16: 45656.292 | E16: 55 | F16: low | G16: 26 | H16: 3 | I16: FALSE
A17: T-f8e2c3 | B17: A-40a557 | C17: 45352 | D17: 45354.875 | E17: 69 | F17: high | G17: 60 | I17: FALSE
A18: T-4e7816 | B18: A-05f0e5 | C18: 45568 | D18: 45569.5 | E18: 36 | F18: low | G18: 108 | I18: FALSE
A19: T-0dea8b | B19: A-671f31 | C19: 45315 | D19: 45317.5 | E19: 60 | F19: medium | G19: 45 | H19: 3 | I19: FALSE
A20: T-ca96ba | B20: A-410e86 | C20: 45410 | D20: 45410.125 | E20: 3 | F20: high | G20: 64 | I20: FALSE
A21: T-ac0b69 | B21: A-ac9111 | C21: 45353 | D21: 45353.583 | E21: 14 | F21: low | G21: 86 | I21: FALSE
A22: T-0f1c67 | B22: A-78f02b | C22: 45574 | D22: 45576 | E22: 48 | F22: low | G22: 51 | H22: 4 | I22: FALSE
A23: T-4fb3f2 | B23: A-c62e55 | C23: 44990 | D23: 44992.458 | E23: 59 | F23: medium | G23: 136 | H23: 3 | I23: FALSE
A24: T-2b4423 | B24: A-158f4e | C24: 45267 | D24: 45267.458 | E24: 11 | F24: high | G24: 99 | I24: FALSE
A25: T-b17401 | B25: A-50bb9f | C25: 45343 | D25: 45343.5 | E25: 12 | F25: high | G25: 171 | H25: 3 | I25: FALSE
A26: T-462ece | B26: A-b9f5b1 | C26: 45124 | D26: 45126.125 | E26: 51 | F26: low | G26: 50 | H26: 3 | I26: TRUE
A27: T-066714 | B27: A-b2225d | C27: 45393 | D27: 45394 | E27: 24 | F27: high | G27: 52 | H27: 3 | I27: FALSE
A28: T-8c694d | B28: A-883b7d | C28: 45436 | D28: 45436.625 | E28: 15 | F28: low | G28: 39 | H28: 3 | I28: TRUE
A29: T-804c6c | B29: A-751bd4 | C29: 45594 | D29: 45595.167 | E29: 28 | F29: medium | G29: 49 | H29: 4 | I29: FALSE
A30: T-64b0b8 | B30: A-533452 | C30: 45196 | D30: 45198.333 | E30: 56 | F30: low | G30: 16 | H30: 5 | I30: FALSE
A31: T-bfa749 | B31: A-684255 | C31: 45142 | D31: 45142.042 | E31: 1 | F31: low | G31: 137 | H31: 5 | I31: FALSE
A32: T-3b24c1 | B32: A-0aaf6e | C32: 45452 | D32: 45454.25 | E32: 54 | F32: high | G32: 151 | H32: 3 | I32: FALSE
A33: T-68c8a6 | B33: A-7c4956 | C33: 45558 | D33: 45558.792 | E33: 19 | F33: high | G33: 34 | I33: FALSE
A34: T-bbe374 | B34: A-3ce5b8 | C34: 45306 | D34: 45308.083 | E34: 50 | F34: low | G34: 155 | I34: FALSE
A35: T-bccf63 | B35: A-82d8a6 | C35: 45625 | D35: 45627.917 | E35: 70 | F35: high | G35: 67 | H35: 3 | I35: FALSE
A36: T-98448a | B36: A-462d45 | C36: 45332 | D36: 45332.75 | E36: 18 | F36: high | G36: 99 | H36: 4 | I36: FALSE
A37: T-f68dde | B37: A-118d55 | C37: 45543 | D37: 45543.583 | E37: 14 | F37: medium | G37: 1 | H37: 4 | I37: FALSE
A38: T-5f84c5 | B38: A-1f559b | C38: 45313 | D38: 45315.583 | E38: 62 | F38: high | G38: 28 | H38: 4 | I38: FALSE
A39: T-9bae5a | B39: A-7cfe77 | C39: 45396 | D39: 45396.958 | E39: 23 | F39: urgent | G39: 176 | H39: 5 | I39: FALSE
A40: T-22842d | B40: A-533452 | C40: 45509 | D40: 45509.333 | E40: 8 | F40: high | G40: 66 | H40: 3 | I40: FALSE
A41: T-f8b58d | B41: A-ee42db | C41: 44942 | D41: 44944.375 | E41: 57 | F41: urgent | G41: 144 | I41: FALSE
A42: T-3a2a66 | B42: A-e98302 | C42: 45184 | D42: 45186.75 | E42: 66 | F42: low | G42: 150 | I42: FALSE
A43: T-490c4a | B43: A-503d5a | C43: 45146 | D43: 45146.375 | E43: 9 | F43: urgent | G43: 179 | I43: FALSE
A44: T-6cce32 | B44: A-659280 | C44: 45455 | D44: 45455.25 | E44: 6 | F44: medium | G44: 176 | H44: 4 | I44: FALSE
A45: T-ec46f5 | B45: A-f5641b | C45: 45035 | D45: 45037.292 | E45: 55 | F45: high | G45: 93 | I45: FALSE
A46: T-219077 | B46: A-fb186e | C46: 45331 | D46: 45332.75 | E46: 42 | F46: medium | G46: 58 | I46: FALSE
A47: T-6b6fb7 | B47: A-716841 | C47: 45333 | D47: 45333.167 | E47: 4 | F47: medium | G47: 119 | H47: 3 | I47: FALSE
A48: T-2e5ba4 | B48: A-0be015 | C48: 45631 | D48: 45631.583 | E48: 14 | F48: low | G48: 46 | H48: 4 | I48: TRUE
A49: T-8001a4 | B49: A-c9bb3e | C49: 45054 | D49: 45054.458 | E49: 11 | F49: urgent | G49: 53 | H49: 4 | I49: TRUE
A50: T-a1d9dd | B50: A-fd7ad3 | C50: 45409 | D50: 45411.667 | E50: 64 | F50: urgent | G50: 21 | H50: 3 | I50: FALSE
A51: T-121d6f | B51: A-d5a319 | C51: 45552 | D51: 45552.708 | E51: 17 | F51: low | G51: 132 | H51: 4 | I51: TRUE
A52: T-fd1ba2 | B52: A-d27f50 | C52: 45275 | D52: 45276.667 | E52: 40 | F52: high | G52: 158 | H52: 4 | I52: FALSE
A53: T-b6d7ac | B53: A-a0ca4e | C53: 45228 | D53: 45228.458 | E53: 11 | F53: low | G53: 12 | H53: 5 | I53: TRUE
A54: T-f2b9a5 | B54: A-f6b2fb | C54: 45310 | D54: 45311.5 | E54: 36 | F54: medium | G54: 138 | H54: 5 | I54: TRUE
A55: T-61fc87 | B55: A-034368 | C55: 44939 | D55: 44941.708 | E55: 65 | F55: medium | G55: 127 | H55: 3 | I55: FALSE
A56: T-00fa83 | B56: A-9208f0 | C56: 45017 | D56: 45019.917 | E56: 70 | F56: low | G56: 6 | I56: FALSE
A57: T-358dd5 | B57: A-ced9aa | C57: 45158 | D57: 45160.375 | E57: 57 | F57: medium | G57: 131 | I57: FALSE
A58: T-54e843 | B58: A-bb3bd4 | C58: 45571 | D58: 45571.333 | E58: 8 | F58: medium | G58: 63 | H58: 3 | I58: FALSE
A59: T-50ad36 | B59: A-922109 | C59: 45053 | D59: 45054.083 | E59: 26 | F59: medium | G59: 126 | I59: FALSE
A60: T-06bf16 | B60: A-4a4c2d | C60: 45140 | D60: 45141.25 | E60: 30 | F60: medium | G60: 44 | H60: 4 | I60: FALSE
A61: T-f155f0 | B61: A-b179bf | C61: 45144 | D61: 45144.25 | E61: 6 | F61: high | G61: 156 | I61: FALSE
A62: T-777753 | B62: A-ce66f8 | C62: 44949 | D62: 44951.875 | E62: 69 | F62: low | G62: 74 | I62: FALSE
A63: T-857a8d | B63: A-bb3bd4 | C63: 45299 | D63: 45301.75 | E63: 66 | F63: medium | G63: 52 | I63: FALSE
A64: T-384dcb | B64: A-bc4d48 | C64: 45614 | D64: 45616.958 | E64: 71 | F64: urgent | G64: 6 | H64: 5 | I64: TRUE
A65: T-970c6c | B65: A-439b2f | C65: 45638 | D65: 45638.833 | E65: 20 | F65: urgent | G65: 123 | I65: FALSE
A66: T-50c7f8 | B66: A-a1bbb6 | C66: 45309 | D66: 45310.5 | E66: 36 | F66: urgent | G66: 47 | I66: FALSE
A67: T-a528f4 | B67: A-b78bf8 | C67: 45031 | D67: 45032 | E67: 24 | F67: urgent | G67: 7 | H67: 3 | I67: FALSE
A68: T-7b7a5a | B68: A-1e50e0 | C68: 45567 | D68: 45567.792 | E68: 19 | F68: high | G68: 170 | H68: 5 | I68: TRUE
A69: T-c9a73c | B69: A-b9f5b1 | C69: 45589 | D69: 45589.75 | E69: 18 | F69: urgent | G69: 86 | H69: 4 | I69: FALSE
A70: T-486b6b | B70: A-883b7d | C70: 44954 | D70: 44954.917 | E70: 22 | F70: urgent | G70: 102 | H70: 5 | I70: FALSE
A71: T-19cc99 | B71: A-c16b88 | C71: 45044 | D71: 45046.208 | E71: 53 | F71: high | G71: 134 | I71: FALSE
A72: T-35fc90 | B72: A-e98302 | C72: 45222 | D72: 45224.792 | E72: 67 | F72: low | G72: 121 | I72: FALSE
A73: T-d4142b | B73: A-700ade | C73: 45071 | D73: 45073.75 | E73: 66 | F73: urgent | G73: 69 | H73: 4 | I73: FALSE
A74: T-6ba215 | B74: A-56962b | C74: 45009 | D74: 45011.75 | E74: 66 | F74: low | G74: 73 | H74: 3 | I74: FALSE
A75: T-e5c785 | B75: A-b54c01 | C75: 44992 | D75: 44993.083 | E75: 26 | F75: medium | G75: 41 | H75: 3 | I75: FALSE
A76: T-4f0d98 | B76: A-e40f45 | C76: 45016 | D76: 45016.417 | E76: 10 | F76: urgent | G76: 19 | I76: FALSE
A77: T-e97da3 | B77: A-45ce7a | C77: 45386 | D77: 45387.042 | E77: 25 | F77: low | G77: 81 | I77: FALSE
A78: T-990a0e | B78: A-fa3095 | C78: 45602 | D78: 45604 | E78: 48 | F78: high | G78: 28 | I78: FALSE
A79: T-ce1dee | B79: A-d792a6 | C79: 45575 | D79: 45576.333 | E79: 32 | F79: low | G79: 126 | I79: FALSE
A80: T-b7b797 | B80: A-bbc346 | C80: 45362 | D80: 45363.458 | E80: 35 | F80: medium | G80: 24 | I80: FALSE
A81: T-847498 | B81: A-7cfe77 | C81: 45124 | D81: 45126.458 | E81: 59 | F81: high | G81: 36 | I81: FALSE
A82: T-2ef49b | B82: A-cc1d8d | C82: 45184 | D82: 45185.875 | E82: 45 | F82: medium | G82: 33 | H82: 5 | I82: FALSE
A83: T-fb6fa3 | B83: A-0a62f5 | C83: 45622 | D83: 45622.333 | E83: 8 | F83: urgent | G83: 57 | I83: FALSE
A84: T-a3f900 | B84: A-ae052e | C84: 45129 | D84: 45130.208 | E84: 29 | F84: medium | G84: 126 | H84: 3 | I84: FALSE
A85: T-b9e7df | B85: A-526d93 | C85: 45056 | D85: 45056.208 | E85: 5 | F85: medium | G85: 158 | I85: FALSE
A86: T-0e6db2 | B86: A-ccc747 | C86: 45470 | D86: 45472.5 | E86: 60 | F86: urgent | G86: 169 | H86: 5 | I86: FALSE
A87: T-4c2f4b | B87: A-726cfa | C87: 45262 | D87: 45263.542 | E87: 37 | F87: high | G87: 150 | I87: FALSE
A88: T-e7dc15 | B88: A-39868b | C88: 45377 | D88: 45377.917 | E88: 22 | F88: medium | G88: 137 | I88: FALSE
A89: T-9876fb | B89: A-2e3bad | C89: 45309 | D89: 45309.583 | E89: 14 | F89: high | G89: 92 | I89: FALSE
A90: T-2c6679 | B90: A-0be015 | C90: 45489 | D90: 45491.125 | E90: 51 | F90: medium | G90: 73 | H90: 5 | I90: FALSE
A91: T-03303d | B91: A-87aa7b | C91: 45259 | D91: 45261.458 | E91: 59 | F91: high | G91: 7 | I91: TRUE
A92: T-1ed4c4 | B92: A-c62e55 | C92: 45372 | D92: 45372.625 | E92: 15 | F92: urgent | G92: 129 | H92: 5 | I92: FALSE
A93: T-7c6ab3 | B93: A-65a46c | C93: 45649 | D93: 45651.375 | E93: 57 | F93: urgent | G93: 96 | H93: 5 | I93: FALSE
A94: T-67bfcf | B94: A-3932db | C94: 45170 | D94: 45171.5 | E94: 36 | F94: urgent | G94: 144 | H94: 3 | I94: FALSE
A95: T-088eb6 | B95: A-ac14bb | C95: 45379 | D95: 45379.875 | E95: 21 | F95: high | G95: 23 | I95: FALSE
A96: T-b4bec0 | B96: A-117171 | C96: 45143 | D96: 45144.375 | E96: 33 | F96: urgent | G96: 137 | I96: FALSE
A97: T-03d219 | B97: A-ae052e | C97: 45293 | D97: 45295.208 | E97: 53 | F97: urgent | G97: 6 | I97: FALSE
A98: T-7c2d38 | B98: A-ad3abd | C98: 45599 | D98: 45599.042 | E98: 1 | F98: high | G98: 35 | I98: FALSE
A99: T-1112c6 | B99: A-de24d5 | C99: 45191 | D99: 45194 | E99: 72 | F99: urgent | G99: 24 | H99: 3 | I99: FALSE
A100: T-938c6d | B100: A-a8d89d | C100: 45157 | D100: 45159.5 | E100: 60 | F100: low | G100: 132 | I100: FALSE
...

Sheet Churn Events
A1: churn_event_id | B1: account_id | C1: churn_date | D1: reason_code | E1: refund_amount_usd | F1: preceding_upgrade_flag | G1: preceding_downgrade_flag | H1: is_reactivation | I1: feedback_text
A2: C-816288 | B2: A-c37cab | C2: 45592 | D2: pricing | E2: 4.03 | F2: FALSE | G2: FALSE | H2: FALSE | I2: switched to competitor
A3: C-5a81e7 | B3: A-37f969 | C3: 45468 | D3: support | E3: 96.45 | F3: TRUE | G3: FALSE | H3: FALSE
A4: C-a174be | B4: A-b07346 | C4: 45608 | D4: budget | E4: 0 | F4: FALSE | G4: FALSE | H4: FALSE | I4: missing features
A5: C-accb39 | B5: A-1e50e0 | C5: 45231 | D5: budget | E5: 54.94 | F5: FALSE | G5: FALSE | H5: FALSE | I5: switched to competitor
A6: C-92f889 | B6: A-956988 | C6: 45656 | D6: unknown | E6: 0 | F6: FALSE | G6: TRUE | H6: TRUE | I6: too expensive
A7: C-a8ac26 | B7: A-b20d99 | C7: 45355 | D7: features | E7: 0 | F7: FALSE | G7: FALSE | H7: FALSE | I7: missing features
A8: C-2e2966 | B8: A-526d93 | C8: 45483 | D8: features | E8: 34.4 | F8: TRUE | G8: FALSE | H8: FALSE
A9: C-ee531b | B9: A-751bd4 | C9: 45557 | D9: budget | E9: 0 | F9: FALSE | G9: FALSE | H9: FALSE
A10: C-e6a0f0 | B10: A-ccabf0 | C10: 45596 | D10: features | E10: 0 | F10: FALSE | G10: FALSE | H10: FALSE | I10: too expensive
A11: C-9328ba | B11: A-0a62f5 | C11: 45575 | D11: features | E11: 0 | F11: FALSE | G11: FALSE | H11: FALSE | I11: switched to competitor
A12: C-c89493 | B12: A-3ce5b8 | C12: 45553 | D12: features | E12: 261.49 | F12: FALSE | G12: FALSE | H12: FALSE | I12: too expensive
A13: C-c54ef0 | B13: A-3b5cd1 | C13: 45534 | D13: unknown | E13: 77.87 | F13: FALSE | G13: FALSE | H13: FALSE | I13: missing features
A14: C-bb3556 | B14: A-bcf664 | C14: 45512 | D14: competitor | E14: 0 | F14: FALSE | G14: FALSE | H14: FALSE
A15: C-875dc5 | B15: A-b9f5b1 | C15: 45128 | D15: features | E15: 0 | F15: FALSE | G15: FALSE | H15: FALSE | I15: switched to competitor
A16: C-c8f7b4 | B16: A-0dbdc6 | C16: 45396 | D16: pricing | E16: 175.02 | F16: FALSE | G16: FALSE | H16: FALSE | I16: too expensive
A17: C-865f19 | B17: A-c9bb3e | C17: 45502 | D17: pricing | E17: 0 | F17: FALSE | G17: FALSE | H17: FALSE | I17: switched to competitor
A18: C-102614 | B18: A-96e141 | C18: 45495 | D18: budget | E18: 43.53 | F18: FALSE | G18: FALSE | H18: FALSE | I18: too expensive
A19: C-4ab0e2 | B19: A-e7a1e2 | C19: 45543 | D19: support | E19: 0 | F19: TRUE | G19: FALSE | H19: FALSE | I19: missing features
A20: C-742a59 | B20: A-812c5b | C20: 45423 | D20: support | E20: 11.83 | F20: FALSE | G20: FALSE | H20: FALSE | I20: missing features
A21: C-1f9cf2 | B21: A-1e50e0 | C21: 45408 | D21: pricing | E21: 0 | F21: FALSE | G21: FALSE | H21: FALSE | I21: switched to competitor
A22: C-5d5a64 | B22: A-c70870 | C22: 45639 | D22: competitor | E22: 0 | F22: FALSE | G22: FALSE | H22: FALSE | I22: switched to competitor
A23: C-f81017 | B23: A-271f46 | C23: 45513 | D23: features | E23: 0 | F23: FALSE | G23: FALSE | H23: TRUE | I23: missing features
A24: C-3292be | B24: A-592832 | C24: 45569 | D24: support | E24: 22.66 | F24: FALSE | G24: FALSE | H24: FALSE | I24: switched to competitor
A25: C-e582ea | B25: A-180abf | C25: 45264 | D25: support | E25: 0 | F25: FALSE | G25: FALSE | H25: FALSE
A26: C-100b97 | B26: A-0a282f | C26: 45571 | D26: features | E26: 0 | F26: FALSE | G26: FALSE | H26: FALSE | I26: switched to competitor
A27: C-8843d4 | B27: A-e51ec7 | C27: 45320 | D27: support | E27: 0 | F27: FALSE | G27: FALSE | H27: FALSE | I27: missing features
A28: C-8b3048 | B28: A-034368 | C28: 45533 | D28: features | E28: 0 | F28: TRUE | G28: FALSE | H28: FALSE
A29: C-48f456 | B29: A-8bde0c | C29: 45624 | D29: features | E29: 0 | F29: FALSE | G29: FALSE | H29: FALSE | I29: missing features
A30: C-dcdebc | B30: A-08e34e | C30: 45486 | D30: competitor | E30: 225.18 | F30: FALSE | G30: FALSE | H30: FALSE | I30: switched to competitor
A31: C-8b229b | B31: A-44dc83 | C31: 45625 | D31: unknown | E31: 98.48 | F31: FALSE | G31: TRUE | H31: FALSE | I31: missing features
A32: C-7d13bf | B32: A-78f02b | C32: 45628 | D32: unknown | E32: 0 | F32: FALSE | G32: FALSE | H32: FALSE | I32: missing features
A33: C-78a2bb | B33: A-fce879 | C33: 45629 | D33: features | E33: 0 | F33: TRUE | G33: FALSE | H33: FALSE | I33: switched to competitor
A34: C-935f48 | B34: A-34ea2f | C34: 45570 | D34: unknown | E34: 0 | F34: TRUE | G34: FALSE | H34: FALSE
A35: C-366a49 | B35: A-0baac2 | C35: 45650 | D35: unknown | E35: 68.65 | F35: FALSE | G35: FALSE | H35: FALSE | I35: switched to competitor
A36: C-62e7a3 | B36: A-ac85cd | C36: 45585 | D36: features | E36: 83.94 | F36: FALSE | G36: FALSE | H36: FALSE
A37: C-f3aca2 | B37: A-439b2f | C37: 45614 | D37: features | E37: 0 | F37: FALSE | G37: FALSE | H37: FALSE | I37: switched to competitor
A38: C-3b7c60 | B38: A-0f6450 | C38: 45655 | D38: competitor | E38: 0 | F38: FALSE | G38: FALSE | H38: FALSE | I38: missing features
A39: C-736efa | B39: A-b78bf8 | C39: 45632 | D39: unknown | E39: 0 | F39: FALSE | G39: FALSE | H39: FALSE
A40: C-f6e873 | B40: A-3b5cd1 | C40: 45497 | D40: support | E40: 35.3 | F40: FALSE | G40: FALSE | H40: FALSE | I40: too expensive
A41: C-2e2a3f | B41: A-7df7a7 | C41: 45483 | D41: budget | E41: 0 | F41: FALSE | G41: FALSE | H41: FALSE | I41: missing features
A42: C-762dd4 | B42: A-396e5f | C42: 45626 | D42: features | E42: 0 | F42: FALSE | G42: FALSE | H42: FALSE | I42: too expensive
A43: C-f72425 | B43: A-32fb14 | C43: 45157 | D43: budget | E43: 0 | F43: FALSE | G43: FALSE | H43: FALSE | I43: switched to competitor
A44: C-0e273d | B44: A-4e0e85 | C44: 45365 | D44: pricing | E44: 0 | F44: FALSE | G44: FALSE | H44: FALSE
A45: C-345bbc | B45: A-922109 | C45: 45507 | D45: support | E45: 0 | F45: TRUE | G45: TRUE | H45: FALSE | I45: too expensive
A46: C-555f55 | B46: A-794a0b | C46: 45544 | D46: budget | E46: 0 | F46: FALSE | G46: TRUE | H46: FALSE | I46: switched to competitor
A47: C-a26ce8 | B47: A-5a184f | C47: 45370 | D47: support | E47: 0 | F47: FALSE | G47: TRUE | H47: FALSE | I47: missing features
A48: C-86a446 | B48: A-ccb686 | C48: 45465 | D48: budget | E48: 0 | F48: TRUE | G48: FALSE | H48: FALSE
A49: C-10ce15 | B49: A-029f69 | C49: 45640 | D49: competitor | E49: 32.73 | F49: FALSE | G49: FALSE | H49: FALSE | I49: too expensive
A50: C-2698c2 | B50: A-9208f0 | C50: 45248 | D50: features | E50: 0 | F50: FALSE | G50: FALSE | H50: FALSE | I50: switched to competitor
A51: C-48906a | B51: A-5a92e7 | C51: 45607 | D51: budget | E51: 0 | F51: TRUE | G51: FALSE | H51: FALSE | I51: missing features
A52: C-4f7342 | B52: A-f45426 | C52: 45609 | D52: pricing | E52: 0 | F52: FALSE | G52: FALSE | H52: FALSE | I52: switched to competitor
A53: C-23b1d0 | B53: A-2446e3 | C53: 45502 | D53: unknown | E53: 47.06 | F53: FALSE | G53: FALSE | H53: FALSE
A54: C-7f909a | B54: A-d535f6 | C54: 45622 | D54: features | E54: 0 | F54: FALSE | G54: FALSE | H54: FALSE | I54: switched to competitor
A55: C-f208d4 | B55: A-6da850 | C55: 45590 | D55: competitor | E55: 0 | F55: FALSE | G55: FALSE | H55: FALSE | I55: missing features
A56: C-acbc2b | B56: A-249769 | C56: 45642 | D56: budget | E56: 0 | F56: FALSE | G56: FALSE | H56: FALSE
A57: C-859615 | B57: A-8e47ca | C57: 45444 | D57: competitor | E57: 0 | F57: FALSE | G57: FALSE | H57: FALSE | I57: missing features
A58: C-035985 | B58: A-6da850 | C58: 45306 | D58: pricing | E58: 0 | F58: FALSE | G58: FALSE | H58: FALSE | I58: too expensive
A59: C-7cace4 | B59: A-484819 | C59: 45289 | D59: support | E59: 0 | F59: FALSE | G59: FALSE | H59: FALSE
A60: C-06a2e6 | B60: A-bbc346 | C60: 45596 | D60: competitor | E60: 0 | F60: TRUE | G60: FALSE | H60: FALSE | I60: too expensive
A61: C-eb9d5e | B61: A-eb1312 | C61: 45563 | D61: unknown | E61: 0 | F61: FALSE | G61: FALSE | H61: FALSE | I61: switched to competitor
A62: C-a45909 | B62: A-bf7919 | C62: 45632 | D62: support | E62: 0 | F62: FALSE | G62: FALSE | H62: FALSE
A63: C-7f85f4 | B63: A-bece89 | C63: 45500 | D63: unknown | E63: 53.61 | F63: FALSE | G63: FALSE | H63: FALSE | I63: switched to competitor
A64: C-234aa7 | B64: A-832ec2 | C64: 45279 | D64: unknown | E64: 0 | F64: FALSE | G64: FALSE | H64: FALSE | I64: too expensive
A65: C-0ba0a0 | B65: A-22d9d2 | C65: 45582 | D65: pricing | E65: 0 | F65: FALSE | G65: FALSE | H65: FALSE
A66: C-d05e42 | B66: A-32728c | C66: 45465 | D66: support | E66: 0 | F66: FALSE | G66: FALSE | H66: FALSE
A67: C-8d3540 | B67: A-37f969 | C67: 45638 | D67: competitor | E67: 50.41 | F67: FALSE | G67: FALSE | H67: FALSE
A68: C-bedd8c | B68: A-1b9609 | C68: 45612 | D68: unknown | E68: 0 | F68: FALSE | G68: FALSE | H68: FALSE
A69: C-1cea52 | B69: A-310452 | C69: 45651 | D69: budget | E69: 0 | F69: TRUE | G69: FALSE | H69: FALSE
A70: C-1e0b1a | B70: A-016043 | C70: 45515 | D70: competitor | E70: 84.75 | F70: FALSE | G70: FALSE | H70: FALSE | I70: switched to competitor
A71: C-c4e7a7 | B71: A-80eeb6 | C71: 45218 | D71: features | E71: 0 | F71: FALSE | G71: FALSE | H71: FALSE | I71: missing features
A72: C-915973 | B72: A-7e0a10 | C72: 45561 | D72: budget | E72: 0 | F72: FALSE | G72: FALSE | H72: FALSE | I72: missing features
A73: C-a403fc | B73: A-6a7c9d | C73: 45617 | D73: support | E73: 0 | F73: FALSE | G73: FALSE | H73: FALSE | I73: too expensive
A74: C-025044 | B74: A-098560 | C74: 45539 | D74: pricing | E74: 0 | F74: FALSE | G74: FALSE | H74: FALSE | I74: too expensive
A75: C-a54597 | B75: A-9f9299 | C75: 45375 | D75: features | E75: 0 | F75: FALSE | G75: FALSE | H75: FALSE | I75: missing features
A76: C-7ab794 | B76: A-ef84cf | C76: 45616 | D76: support | E76: 0 | F76: FALSE | G76: FALSE | H76: FALSE | I76: too expensive
A77: C-7cd070 | B77: A-13466a | C77: 45400 | D77: pricing | E77: 6.51 | F77: FALSE | G77: TRUE | H77: TRUE | I77: switched to competitor
A78: C-1727c8 | B78: A-65aeb5 | C78: 45349 | D78: pricing | E78: 0 | F78: FALSE | G78: FALSE | H78: FALSE
A79: C-bb9db4 | B79: A-659280 | C79: 45618 | D79: pricing | E79: 27.75 | F79: FALSE | G79: FALSE | H79: FALSE | I79: switched to competitor
A80: C-0a0bf7 | B80: A-d49cc5 | C80: 45394 | D80: competitor | E80: 0 | F80: FALSE | G80: FALSE | H80: FALSE | I80: missing features
A81: C-64ba8a | B81: A-cc8c8f | C81: 45547 | D81: budget | E81: 0 | F81: TRUE | G81: FALSE | H81: FALSE | I81: missing features
A82: C-fab429 | B82: A-180abf | C82: 45547 | D82: support | E82: 0 | F82: FALSE | G82: FALSE | H82: FALSE
A83: C-872bcf | B83: A-6da850 | C83: 45542 | D83: budget | E83: 0 | F83: FALSE | G83: FALSE | H83: FALSE | I83: switched to competitor
A84: C-480232 | B84: A-31ab9a | C84: 45558 | D84: competitor | E84: 0 | F84: FALSE | G84: FALSE | H84: TRUE | I84: too expensive
A85: C-108b2a | B85: A-e08cd3 | C85: 45556 | D85: competitor | E85: 0 | F85: FALSE | G85: FALSE | H85: FALSE | I85: switched to competitor
A86: C-775d4e | B86: A-0651a4 | C86: 45651 | D86: support | E86: 0 | F86: FALSE | G86: FALSE | H86: FALSE | I86: too expensive
A87: C-043665 | B87: A-b2225d | C87: 45470 | D87: budget | E87: 0 | F87: FALSE | G87: FALSE | H87: TRUE
A88: C-2dbe71 | B88: A-c222ab | C88: 45457 | D88: budget | E88: 4.52 | F88: FALSE | G88: FALSE | H88: FALSE | I88: too expensive
A89: C-b60cf0 | B89: A-a6d261 | C89: 45361 | D89: unknown | E89: 99.94 | F89: TRUE | G89: FALSE | H89: FALSE | I89: missing features
A90: C-f24343 | B90: A-425e76 | C90: 45172 | D90: budget | E90: 0 | F90: FALSE | G90: FALSE | H90: TRUE | I90: missing features
A91: C-a1d45c | B91: A-c222ab | C91: 45453 | D91: features | E91: 27.62 | F91: TRUE | G91: FALSE | H91: FALSE | I91: missing features
A92: C-9d36da | B92: A-bcf664 | C92: 45521 | D92: competitor | E92: 0 | F92: FALSE | G92: FALSE | H92: TRUE
A93: C-b4b58e | B93: A-96e141 | C93: 45557 | D93: budget | E93: 0 | F93: FALSE | G93: FALSE | H93: FALSE | I93: too expensive
A94: C-5cd282 | B94: A-df1e44 | C94: 45616 | D94: budget | E94: 0 | F94: FALSE | G94: FALSE | H94: FALSE | I94: missing features
A95: C-95f56e | B95: A-7f29a7 | C95: 45574 | D95: unknown | E95: 23.97 | F95: TRUE | G95: FALSE | H95: FALSE | I95: switched to competitor
A96: C-bd5b55 | B96: A-b07b56 | C96: 45650 | D96: budget | E96: 0 | F96: FALSE | G96: FALSE | H96: FALSE | I96: switched to competitor
A97: C-b8127e | B97: A-d792a6 | C97: 45517 | D97: support | E97: 0 | F97: FALSE | G97: FALSE | H97: FALSE | I97: missing features
A98: C-8153b7 | B98: A-7cfe77 | C98: 45645 | D98: features | E98: 0 | F98: FALSE | G98: TRUE | H98: FALSE | I98: missing features
A99: C-b6b828 | B99: A-69fad4 | C99: 45460 | D99: support | E99: 0 | F99: FALSE | G99: FALSE | H99: FALSE
A100: C-a666a4 | B100: A-4bfa33 | C100: 45654 | D100: unknown | E100: 7.26 | F100: TRUE | G100: FALSE | H100: FALSE | I100: switched to competitor
...

Sheet Analysis
A1: Customer Retention & Churn Analysis
A2: KPI | B2: Values
A3: Total Customers | B3: =COUNTA(Accounts!A2:A501) -> 500
A4: Churned Customers | B4: =COUNTIF(Accounts!J2:J501,TRUE) -> 110
A5: Active Customers | B5: =B3-B4 -> 390
A6: Churn Rate | B6: =B4/B3 -> 0.22
A7: Trial Customers | B7: =COUNTIF(Accounts!I2:I501,TRUE) -> 97
A8: Average Seats per Customer | B8: =AVERAGE(Accounts!H2:H501) -> 20.56
A9: Total Subscriptions | B9: =COUNTA(Subscriptions!A2:A5001) -> 5000
A10: Active Subscriptions | B10: =COUNTIF(Subscriptions!L2:L5001,FALSE) -> 4514
A11: Churned Subscriptions | B11: =B9-B10 -> 486
A12: Total Monthly Recurring Revenue (MRR) | B12: =SUM(Subscriptions!G2:G5001) -> 11338747
A13: Total ARR | B13: =SUM(Subscriptions!H2:H5001) -> 136064964
A14: Average MRR | B14: =AVERAGE(Subscriptions!G2:G5001) -> 2267.7494
A15: Total Support Tickets | B15: =COUNTA('Support Tickets'!A2:A2001) -> 2000
A16: Average Resolution Time (Hours) | B16: =AVERAGE('Support Tickets'!E2:E2001) -> 35.861
A17: Average First Response Time (Minutes) | B17: =AVERAGE('Support Tickets'!G2:G2001) -> 88.48
A18: Average Satisfaction Score | B18: =AVERAGE('Support Tickets'!H2:H2001) -> 3.9812766
A19: Escalated Tickets | B19: =COUNTIF('Support Tickets'!I2:I2001,TRUE) -> 95
A20: Total Churn Events | B20: =COUNTA('Churn Events'!A2:A601) -> 600
A21: Total Refund Amount | B21: =SUM('Churn Events'!F2:F601) -> 0
A22: Churn Events After Upgrade | B22: =COUNTIF('Churn Events'!G2:G601,TRUE) -> 53
A23: Churn Events After Downgrade | B23: =COUNTIF('Churn Events'!H2:H601,TRUE) -> 61
A24: Churn Events with Reactivation | B24: =COUNTIF('Churn Events'!I2:I601,TRUE) -> 0
A25: Churn Reason | B25: Churn Events | C25: Churn %
A26: pricing | B26: =COUNTIF('Churn Events'!D2:D601,"pricing") -> 91 | C26: =B26/$B$32 -> 0.15166667
A27: support | B27: =COUNTIF('Churn Events'!D2:D601,"support") -> 104 | C27: =B27/$B$32 -> 0.17333333
A28: budget | B28: =COUNTIF('Churn Events'!D2:D601,"budget") -> 104 | C28: =B28/$B$32 -> 0.17333333
A29: unknown | B29: =COUNTIF('Churn Events'!D2:D601,"unknown") -> 95 | C29: =B29/$B$32 -> 0.15833333
A30: features | B30: =COUNTIF('Churn Events'!D2:D601,"features") -> 114 | C30: =B30/$B$32 -> 0.19
A31: competitor | B31: =COUNTIF('Churn Events'!D2:D601,"competitor") -> 92 | C31: =B31/$B$32 -> 0.15333333
A32: Total | B32: =SUM(B26:B31) -> 600 | C32: =SUM(C26:C31) -> 1
A34: Upgrade Before Churn % | B34: =B22/B20 -> 0.088333333
A35: Downgrade Before Churn % | B35: =B23/B20 -> 0.10166667
A37: Churn by Plan | B37: Churned Subscriptions | C37: Total Subscriptions | D37: Churn Rate
A38: Basic | B38: {=SUMPRODUCT(--(TRIM(Subscriptions!E$2:E$5001)=A38),--(Subscriptions!L$2:L$5001=TRUE))} -> 152 | C38: {=SUMPRODUCT(--(TRIM(Subscriptions!E$2:E$5001)=A38))} -> 1602 | D38: =B38/C38 -> 0.094881398
A39: Pro | B39: {=SUMPRODUCT(--(TRIM(Subscriptions!E$2:E$5001)=A39),--(Subscriptions!L$2:L$5001=TRUE))} -> 162 | C39: {=SUMPRODUCT(--(TRIM(Subscriptions!E$2:E$5001)=A39))} -> 1675 | D39: =B39/C39 -> 0.096716418
A40: Enterprise | B40: {=SUMPRODUCT(--(TRIM(Subscriptions!E$2:E$5001)=A40),--(Subscriptions!L$2:L$5001=TRUE))} -> 172 | C40: {=SUMPRODUCT(--(TRIM(Subscriptions!E$2:E$5001)=A40))} -> 1723 | D40: =B40/C40 -> 0.099825885
A41: Total | B41: =SUM(B38:B40) -> 486 | C41: =SUM(C38:C40) -> 5000 | D41: =B41/C41 -> 0.0972
A43: Churn by Trial Status | B43: Total Customers | C43: Churned Customers | D43: Churn Rate
A44: Trial | B44: =COUNTIF(Accounts!I2:I501,TRUE) -> 97 | C44: =COUNTIFS(Accounts!I2:I501,TRUE,Accounts!J2:J501,TRUE) -> 25 | D44: =C44/B44 -> 0.25773196
A45: Non-Trial | B45: =COUNTIF(Accounts!I2:I501,FALSE) -> 403 | C45: =COUNTIFS(Accounts!I2:I501,FALSE,Accounts!J2:J501,TRUE) -> 85 | D45: =C45/B45 -> 0.21091811
A48: Churn by Industry | B48: Total Customers | C48: Churned Customers | D48: Churn Rate
A49: EdTech | B49: =COUNTIF(Accounts!C2:C501,A49) -> 79 | C49: =COUNTIFS(Accounts!C2:C501,A49,Accounts!J2:J501,TRUE) -> 13 | D49: =C49/B49 -> 0.16455696
A50: DevTools | B50: =COUNTIF(Accounts!C3:C502,A50) -> 113 | C50: =COUNTIFS(Accounts!C3:C502,A50,Accounts!J3:J502,TRUE) -> 35 | D50: =C50/B50 -> 0.30973451
A51: HealthTech | B51: =COUNTIF(Accounts!C4:C503,A51) -> 96 | C51: =COUNTIFS(Accounts!C4:C503,A51,Accounts!J4:J503,TRUE) -> 21 | D51: =C51/B51 -> 0.21875
A52: FinTech | B52: =COUNTIF(Accounts!C5:C504,A52) -> 112 | C52: =COUNTIFS(Accounts!C5:C504,A52,Accounts!J5:J504,TRUE) -> 25 | D52: =C52/B52 -> 0.22321429
A53: Cybersecurity | B53: =COUNTIF(Accounts!C6:C505,A53) -> 100 | C53: =COUNTIFS(Accounts!C6:C505,A53,Accounts!J6:J505,TRUE) -> 16 | D53: =C53/B53 -> 0.16
A56: Churn by Country | B56: Total Customers | C56: Churned Customers | D56: Churn Rate
A57: US | B57: =COUNTIF(Accounts!D2:D501,A57) -> 291 | C57: =COUNTIFS(Accounts!D2:D501,A57,Accounts!J2:J501,TRUE) -> 68 | D57: =C57/B57 -> 0.23367698
A58: UK | B58: =COUNTIF(Accounts!D3:D502,A58) -> 58 | C58: =COUNTIFS(Accounts!D3:D502,A58,Accounts!J3:J502,TRUE) -> 11 | D58: =C58/B58 -> 0.18965517
A59: IN | B59: =COUNTIF(Accounts!D4:D503,A59) -> 49 | C59: =COUNTIFS(Accounts!D4:D503,A59,Accounts!J4:J503,TRUE) -> 10 | D59: =C59/B59 -> 0.20408163
A60: CA | B60: =COUNTIF(Accounts!D5:D504,A60) -> 23 | C60: =COUNTIFS(Accounts!D5:D504,A60,Accounts!J5:J504,TRUE) -> 4 | D60: =C60/B60 -> 0.17391304
A61: AU | B61: =COUNTIF(Accounts!D6:D505,A61) -> 32 | C61: =COUNTIFS(Accounts!D6:D505,A61,Accounts!J6:J505,TRUE) -> 4 | D61: =C61/B61 -> 0.125
A62: DE | B62: =COUNTIF(Accounts!D7:D506,A62) -> 25 | C62: =COUNTIFS(Accounts!D7:D506,A62,Accounts!J7:J506,TRUE) -> 8 | D62: =C62/B62 -> 0.32
A63: FR | B63: =COUNTIF(Accounts!D8:D507,A63) -> 22 | C63: =COUNTIFS(Accounts!D8:D507,A63,Accounts!J8:J507,TRUE) -> 5 | D63: =C63/B63 -> 0.22727273
A66: Churn by Referral Source | B66: Total Customers | C66: Churned Customers | D66: Churn Rate
A67: ads | B67: {=SUMPRODUCT(--(TRIM(Accounts!F$2:F$501)=A67))} -> 98 | C67: {=SUMPRODUCT(--(TRIM(Accounts!F$2:F$501)=A67),--(Accounts!J$2:J$501=TRUE))} -> 23 | D67: =C67/B67 -> 0.23469388
A68: event | B68: {=SUMPRODUCT(--(TRIM(Accounts!F$2:F$501)=A68))} -> 96 | C68: {=SUMPRODUCT(--(TRIM(Accounts!F$2:F$501)=A68),--(Accounts!J$2:J$501=TRUE))} -> 29 | D68: =C68/B68 -> 0.30208333
A69: organic | B69: {=SUMPRODUCT(--(TRIM(Accounts!F$2:F$501)=A69))} -> 114 | C69: {=SUMPRODUCT(--(TRIM(Accounts!F$2:F$501)=A69),--(Accounts!J$2:J$501=TRUE))} -> 20 | D69: =C69/B69 -> 0.1754386
A70: other | B70: {=SUMPRODUCT(--(TRIM(Accounts!F$2:F$501)=A70))} -> 103 | C70: {=SUMPRODUCT(--(TRIM(Accounts!F$2:F$501)=A70),--(Accounts!J$2:J$501=TRUE))} -> 25 | D70: =C70/B70 -> 0.24271845
A71: partner | B71: {=SUMPRODUCT(--(TRIM(Accounts!F$2:F$501)=A71))} -> 89 | C71: {=SUMPRODUCT(--(TRIM(Accounts!F$2:F$501)=A71),--(Accounts!J$2:J$501=TRUE))} -> 13 | D71: =C71/B71 -> 0.14606742
A72: TOTAL | B72: =SUM(B67:B71) -> 500 | C72: =SUM(C67:C71) -> 110 | D72: =C72/B72 -> 0.22
A76: Support Tickets by Priority
A77: Priority | B77: Ticket Count | C77: Ticket %
A78: low | B78: {=SUMPRODUCT(--(TRIM('Support Tickets'!F$2:F$2001)=A78))} -> 485 | C78: =B78/$B$82 -> 0.2425
A79: medium | B79: {=SUMPRODUCT(--(TRIM('Support Tickets'!F$2:F$2001)=A79))} -> 491 | C79: =B79/$B$82 -> 0.2455
A80: high | B80: {=SUMPRODUCT(--(TRIM('Support Tickets'!F$2:F$2001)=A80))} -> 510 | C80: =B80/$B$82 -> 0.255
A81: urgent | B81: {=SUMPRODUCT(--(TRIM('Support Tickets'!F$2:F$2001)=A81))} -> 514 | C81: =B81/$B$82 -> 0.257
A82: Total | B82: =SUM(B78:B81) -> 2000 | C82: =SUM(C78:C81) -> 1
A85: Escalated vs Non-Escalated Tickets
A86: Escalation Status | B86: Ticket Count | C86: Ticket %
A87: Escalated | B87: =COUNTIF('Support Tickets'!I2:I2001,TRUE) -> 95 | C87: =B87/$B$89 -> 0.0475
A88: Non-Escalated | B88: =COUNTIF('Support Tickets'!I2:I2001,FALSE) -> 1905 | C88: =B88/$B$89 -> 0.9525
A89: Total | B89: =SUM(B87:B88) -> 2000 | C89: =B89/$B$89 -> 1
A92: Average Resolution Time by Priority
A93: Priority | B93: Average Resolution Time (Hours)
A94: low | B94: =AVERAGEIF('Support Tickets'!F2:F2001,A94,'Support Tickets'!E2:E2001) -> 36.346392
A95: medium | B95: =AVERAGEIF('Support Tickets'!F3:F2002,A95,'Support Tickets'!E3:E2002) -> 35.594705
A96: high | B96: =AVERAGEIF('Support Tickets'!F4:F2003,A96,'Support Tickets'!E4:E2003) -> 36.978389
A97: urgent | B97: =AVERAGEIF('Support Tickets'!F5:F2004,A97,'Support Tickets'!E5:E2004) -> 34.613281
A99: Average First Response Time by Priority
A100: Priority | B100: Average First Response Time (Minutes)
A101: low | B101: =AVERAGEIF('Support Tickets'!F2:F2001,A101,'Support Tickets'!G2:G2001) -> 91.152577
A102: medium | B102: =AVERAGEIF('Support Tickets'!F3:F2002,A102,'Support Tickets'!G3:G2002) -> 85.855397
A103: high | B103: =AVERAGEIF('Support Tickets'!F4:F2003,A103,'Support Tickets'!G4:G2003) -> 91.473477
A104: urgent | B104: =AVERAGEIF('Support Tickets'!F5:F2004,A104,'Support Tickets'!G5:G2004) -> 85.400391
A107: Average Satisfaction Score by Priority
A108: Priority | B108: Average Satisfaction Score
A109: low | B109: =AVERAGEIF('Support Tickets'!F2:F2001,A109,'Support Tickets'!H2:H2001) -> 4.0209059
A110: medium | B110: =AVERAGEIF('Support Tickets'!F3:F2002,A110,'Support Tickets'!H3:H2002) -> 3.9349315
A111: high | B111: =AVERAGEIF('Support Tickets'!F4:F2003,A111,'Support Tickets'!H4:H2003) -> 3.9966102
A112: urgent | B112: =AVERAGEIF('Support Tickets'!F5:F2004,A112,'Support Tickets'!H5:H2004) -> 3.9733333
A115: Satisfaction Score by Escalation Status
A116: Escalation Status | B116: Average Satisfaction Score
A117: Escalated | B117: =AVERAGEIF('Support Tickets'!I2:I2001,TRUE,'Support Tickets'!H2:H2001) -> 4.0793651
A118: Non-Escalated | B118: =AVERAGEIF('Support Tickets'!I2:I2001,FALSE,'Support Tickets'!H2:H2001) -> 3.9757194
A121: Average Resolution Time by Escalation Status
A122: Escalation Status | B122: Average Resolution Time (Hours)
A123: Escalated | B123: =AVERAGEIF('Support Tickets'!I2:I2001,TRUE,'Support Tickets'!E2:E2001) -> 37.2
...

Sheet Dashboard
A1: CUSTOMER CHURN ANALYSIS DASHBOARD
A2: Customer, Subscription, Support & Churn Performance Overview
A3: Total Customers | C3: Customer Churn Rate | E3: Total MRR | G3: Total ARR
A4: =Analysis!B456 -> 500 | C4: =Analysis!B459 -> 0.22 | E4: =Analysis!B443 -> 11338747 | G4: =Analysis!B444 -> 136064964
